common_voice_uk_24017714.wav	ти-с розпитав як дотуду їхати
common_voice_uk_24017716.wav	у поході брали участь князі андрій і олександр так званий невський
common_voice_uk_24017717.wav	чого ради
common_voice_uk_24017732.wav	а петрос по-грецькому є камінь а вітця твого
common_voice_uk_24017755.wav	годечан узяв піхво й поволі засилив меч назад
common_voice_uk_24017768.wav	розумний єси кітці хвоста зав'язати
common_voice_uk_24017770.wav	ходь ближчій махнув до нього маленький старчик у довгій непідперезаній сорочці
common_voice_uk_24017771.wav	жону перепитав орест але гатило повторювати не любив
common_voice_uk_24017773.wav	зайдь княже до господи
common_voice_uk_24017774.wav	я єсмь великий княже
common_voice_uk_24017777.wav	то ти скіф єси
common_voice_uk_24017778.wav	лізь речу заквапив товариша людота бо за півгоні внизу чулося стримане крякання
common_voice_uk_24017780.wav	дід покрутив підкову з усіх боків
common_voice_uk_24017783.wav	вишата розгублено мовив одне слово
common_voice_uk_24017788.wav	гримільда перебила його
common_voice_uk_24017790.wav	після трисідмичника що відбувсь двадцять перший день старці оголосили
common_voice_uk_24017794.wav	так є га
common_voice_uk_24017795.wav	та се замикалась одна з-поміж служниць і поквавлося прибрати таріль
common_voice_uk_24017798.wav	хотів би-м ректи та не відаю як би-сте подивилися на тоте
common_voice_uk_24017799.wav	войславе
common_voice_uk_24017800.wav	там погано княже
common_voice_uk_24017801.wav	се велить покон скіфів
common_voice_uk_24017804.wav	а грати підеш зі мною сьогодні купала
common_voice_uk_24017806.wav	одну здивувалася полонянка
common_voice_uk_24017813.wav	піди гукни
common_voice_uk_24017828.wav	шумило жиє
common_voice_uk_24017829.wav	й нарешті такі зловчився поставити ногу на стремено та людота вхопив коня за вузду
common_voice_uk_24017830.wav	лев заходився допитуватись
common_voice_uk_24017852.wav	та куди ти зажди-но не лякайсь
common_voice_uk_24017853.wav	коли великий князь київський не захоче то ніхто не зможе вмовити його
common_voice_uk_24017854.wav	годой сидів як не живий поганці знущалися з його віри
common_voice_uk_24017856.wav	коли я повідаю тобі щось ти не говорити-ймеш зо мною так
common_voice_uk_24017872.wav	візьми княже гатиле сей меч і вдар ним камінь дикий
common_voice_uk_24017874.wav	гано ліпше відає він ходив у тоті краї
common_voice_uk_24017875.wav	ти-с великий князь витичівський
common_voice_uk_24017891.wav	але вкривши чорне волось смушевим ковпаком він таки пішов сідлати коня тихо ворушачи губами
common_voice_uk_24017892.wav	ні землю не треба дай лише слово
common_voice_uk_24017893.wav	киянка єсмь
common_voice_uk_24017895.wav	вуйку
common_voice_uk_24017906.wav	по тому думка навернулася на старе ковач стоян порадив тоді сходити до старця славути
common_voice_uk_24017907.wav	сватоплук знову порадився зі своїми мунжами й відповів
common_voice_uk_24017908.wav	пощо так
common_voice_uk_24017912.wav	що вони чинять
common_voice_uk_24017915.wav	трьох
common_voice_uk_24017930.wav	а ти вмієш
common_voice_uk_24017931.wav	й іменномоя знаєш
common_voice_uk_24018010.wav	вмію відповів той один граматик показав у константиновому городі пощо питаєш
common_voice_uk_24018013.wav	ах ти не віголосе
common_voice_uk_24018015.wav	не к добру є сказав аж тепер богдан і княгиня теж повторила
common_voice_uk_24018016.wav	за куди знаєш по-русинському
common_voice_uk_24018019.wav	мабути се инчих тут городів не виджу мабути то то й єсть заградии їхній
common_voice_uk_24018022.wav	цо хчеш княже
common_voice_uk_24018023.wav	князь одвернувся під стіну й провів рукою по тесаних колодах
common_voice_uk_24018024.wav	молода повторив король і незрозуміле було чи він погоджується чи заперечує
common_voice_uk_24018025.wav	і землю-с їв
common_voice_uk_24018027.wav	де був єси стільки
common_voice_uk_24035618.wav	заради цих державних інтересів жертвували не лише працею кров'ю а й совістю
common_voice_uk_24035620.wav	то речеш ні братті їй сестер устряв розмову борислав
common_voice_uk_24035632.wav	рідна сестра
common_voice_uk_24035633.wav	таке багатство міг би-с мати й ти архонте
common_voice_uk_24035634.wav	більшого не рекла нічого
common_voice_uk_24035645.wav	вречу хай прокудять тебе з двірця бичами
common_voice_uk_24035646.wav	чув єси про золотий скіт змія горянина
common_voice_uk_24035657.wav	дай княже я поцілую твої вуста впосліднє я люблю тебе
common_voice_uk_24035675.wav	пощо мовив гано
common_voice_uk_24035676.wav	де є князь київський
common_voice_uk_24035708.wav	на що натяк зводиш отроче
common_voice_uk_24035711.wav	то приведи
common_voice_uk_24035713.wav	вдовиця єсмь
common_voice_uk_24035714.wav	хай тебе чорти стережуть якось байдуже висварив його рогволод а харя мурин відповів
common_voice_uk_24035716.wav	адаміс перелякано скинув на князя очі
common_voice_uk_24035723.wav	де є ждан
common_voice_uk_24035724.wav	який то є юрів меч
common_voice_uk_24035746.wav	ждан виступив на видноту й сказав пильно дивлячись у змарніле князеве обличчя
common_voice_uk_24035779.wav	скілько є воїв моїх
common_voice_uk_24035780.wav	місяця травного
common_voice_uk_24035782.wav	пощ пощо бо не виджу о праву руч себе гатила ось пощо
common_voice_uk_24035783.wav	стережу
common_voice_uk_24035794.wav	іди йди підохотив його борислав має юну жону князівну хай іде йди
common_voice_uk_24035795.wav	князя джурджа вихопилося в борислава й він почервонів
common_voice_uk_24035797.wav	не мов такего сестро
common_voice_uk_24035810.wav	такої такої загули хлопці й дівчата
common_voice_uk_24035814.wav	богдан відповів через тлумача костана
common_voice_uk_24035825.wav	слава богданові гатилові
common_voice_uk_24035826.wav	що ректи йому
common_voice_uk_24035840.wav	великий князь київський гатило пускає до себе на луги то людність і суне
common_voice_uk_24035841.wav	той
common_voice_uk_24035842.wav	сікур стенув плечима
common_voice_uk_24035866.wav	пощо є так не звернувши увагу на ту шпильку повторив годой
common_voice_uk_24035867.wav	сестра твоя ображено закопилила губу королева
common_voice_uk_24035884.wav	втікаєш княже недружелюбно буркнув він
common_voice_uk_24035889.wav	хлопець несвідомо взяв гривню й ніяк не міг одвести віч од діви
common_voice_uk_24035893.wav	й утретє речи
common_voice_uk_24035896.wav	що ради заперечив стоян ворожити або ж по зілля якесь приїхав
common_voice_uk_24047561.wav	городище було занедбане його часто палили степовики князь володар мусив подбати про се
common_voice_uk_24047589.wav	то хто йому вкаже брід саме через армансон ти
common_voice_uk_24047591.wav	жона заглянула в темну яму підтримувана попід руки й мовила
common_voice_uk_24047594.wav	що буде взавтра як утішусь
common_voice_uk_24047595.wav	людота засміявся
common_voice_uk_24205508.wav	вельміж кивнув
common_voice_uk_24205511.wav	і я-м тебе виділа звідкуду єси
common_voice_uk_24205513.wav	я відаю про що маєш хіть казати хрест
common_voice_uk_24205515.wav	гнали аж до берліну поганців
common_voice_uk_24205516.wav	ввіруємо
common_voice_uk_24205574.wav	та не вмре україни ні слава ні воля
common_voice_uk_24205582.wav	учора зла рука татя пустила по мені стрілу
common_voice_uk_24205583.wav	церковні владики поставилися з розумінням до бандитської нужди московського князя
common_voice_uk_24205586.wav	це звичайний міф катерининської комісії яка придумувала історію переважно росії
common_voice_uk_24205587.wav	але це не головне
common_voice_uk_24205589.wav	старий конюший кивнув
common_voice_uk_24205591.wav	що
common_voice_uk_24205605.wav	лучче проміняти шаблю на веретено аніж напасти вдвох на одного
common_voice_uk_24205608.wav	олешківські піски часто називають українською сахарою
common_voice_uk_24205609.wav	є каяття да вороття немає
common_voice_uk_24205618.wav	і волосся кружечком як ви се чините що в усіх однакове
common_voice_uk_23548283.wav	не подаватиму виписки з панегірика про куликовську битву
common_voice_uk_23548284.wav	заборону накладали всі гілки влади цар сенат дума і навіть священний синод
common_voice_uk_23548313.wav	однак якщо ви говорите про чиюсь совість то про свою не варто забувати
common_voice_uk_23548314.wav	татари могли спустошити її аж до новгорода
common_voice_uk_23548341.wav	хоч які великі жертви боротьба конечна
common_voice_uk_23548347.wav	отже князі ростовсько-суздальської землі а по-стародавньому государі племен
common_voice_uk_23548385.wav	готовеньке і кішка з'їсть
common_voice_uk_23548866.wav	мудрець не придушує пристрасті а керує ними і стримує
common_voice_uk_23548883.wav	цього їхня свідомість не сприймає
common_voice_uk_23548971.wav	ні риба ні м'ясо і в раки не годиться
common_voice_uk_23549635.wav	усі землі між ними були вкриті дрімучими лісами й непрохідними болотами
common_voice_uk_23549636.wav	права і свободи людини і громадянина закріплені цією конституцією не є вичерпними
common_voice_uk_23549658.wav	це великі давні народи які мають своє самобутнє коріння свою велич свою історію
common_voice_uk_23549694.wav	його свідчення унікальні безцінні для нащадків
common_voice_uk_23549696.wav	розмір винагороди судді конституційного суду україни встановлюється законом про конституційний суд україни
common_voice_uk_23549716.wav	як корова язиком злизала
common_voice_uk_23549717.wav	миша не одну дірку має до хати
common_voice_uk_23549721.wav	мовляв це був один народ одне коріння і єдина історія
common_voice_uk_23549733.wav	пам'ятатимеш до нових віників
common_voice_uk_23549734.wav	однак через брак іншого звернімося до тих що до нас дійшли
common_voice_uk_23549737.wav	як не боятися життя
common_voice_uk_23549753.wav	тут бачимо зворотне
common_voice_uk_23549754.wav	і жоден розсудливий росіянин не обурюється з відвертої неправди
common_voice_uk_23549757.wav	брехня лилася рікою й здавалося що зрештою остаточно переможе
common_voice_uk_23549799.wav	не можна не помітити стосовно міст важливої за своїми наслідками однобічності
common_voice_uk_23549802.wav	ледве люди починають жити а вже смерть над ними різноманітні сіті наставляє
common_voice_uk_23549833.wav	усяка ненавість виходить від якоїсь любові
common_voice_uk_23549834.wav	саме настільки і розум людський перевищує доблесть
common_voice_uk_23549836.wav	на городі бузина а в києві дядько
common_voice_uk_23549845.wav	нехай росія благополучно зробить свій останній похід на південь
common_voice_uk_23549848.wav	каже кров з'єднаю каже любов пробачу каже віра веду
common_voice_uk_23549849.wav	ясна річ усій цій князівські браті рюриковичів не вистачали престолів
common_voice_uk_23553038.wav	у цьому немає необхідності
common_voice_uk_23553090.wav	проговорилися
common_voice_uk_23553094.wav	автор не дотримується історичної правди вона йому не потрібна
common_voice_uk_23553100.wav	негоже бо великоросові бути без государя
common_voice_uk_23553104.wav	не загоїть серця фальш
common_voice_uk_23553120.wav	і заслугами більше її уміцняйте
common_voice_uk_23553144.wav	не подобає вам бути тільки іменем пастирями а в річі самій хижаками
common_voice_uk_23553178.wav	одна ластівка не робить весни
common_voice_uk_23553197.wav	його слова ми цитували раніше
common_voice_uk_23553218.wav	добра жона вінець мужеві своєму і безжурність а зла жона люта печаль зубоження дому
common_voice_uk_23553245.wav	ярослав всеволодович княжив у переяславліруському рязані новгороді
common_voice_uk_23553247.wav	тоді в хід пішли брехня вимисли звичайне злодійство
common_voice_uk_23553249.wav	вискочив як пилип з конопель
common_voice_uk_23553279.wav	цей звичай використав олександр невський
common_voice_uk_23553365.wav	шановні читачі осмисліть історичні аналогії
common_voice_uk_23553366.wav	без них сюди довго б іще не проникли й підприємливі миряни
common_voice_uk_23553369.wav	від сходу сонячного до темного вечора різалися на вулицях з остервенінням надзвичайним
common_voice_uk_23553445.wav	ось пане солженіцин над чим нині повинна голову ламати російська людина
common_voice_uk_23553448.wav	послухаймо великого майстра цієї справи
common_voice_uk_23553481.wav	прощаю всіх хто заподіяв мені злоне хочу носити в душі зла
common_voice_uk_23553484.wav	колесов є арбітром постійної палати третейського суду в гаазі куди лужков збирається скаржитися
common_voice_uk_23553505.wav	тощо
common_voice_uk_23553506.wav	себто кількістю грошей які давав його князівський престол
common_voice_uk_23553507.wav	усі сумніви щодо доведеності вини особи тлумачаться на її користь
common_voice_uk_23553538.wav	ключевського де він сам себе спростовує
common_voice_uk_23555400.wav	так одразу всі люди того фінського поселення стали християнами і великоросами
common_voice_uk_23555418.wav	дай дурневі макогона то він і вікна поб'є
common_voice_uk_23555419.wav	не раз хто забувається про завтра той має вічність
common_voice_uk_23555423.wav	прохання до патріарха були підкріплені значними дарами
common_voice_uk_23555426.wav	кожен має право на освіту
common_voice_uk_23555428.wav	свідченням нікчемних людей не слід надавати жодної ваги
common_voice_uk_23555430.wav	хани і рюриковичі були для корінного населення землі моксель а згодом московії зайдами
common_voice_uk_23555431.wav	автор цією пропозицією збирався закінчити дослідження завоювання казані московським князем іваном грозним
common_voice_uk_23555433.wav	російські історики протягом тривалого часу мінімізовували доважок брехні про кількісний склад військ батия
common_voice_uk_23555435.wav	випадкова причина не є правдивою причиною
common_voice_uk_23555437.wav	не заквітне троянда без терня рвачкого
common_voice_uk_23555439.wav	а ось найбільш анекдотичний випадок із російської історії
common_voice_uk_23555440.wav	російські історики встановили що він був отруєний монголо-татарами
common_voice_uk_23555445.wav	законопроекти визначені президентом україни як невідкладні розглядаються верховною радою україни позачергово
common_voice_uk_23555455.wav	не допускаються зловживання монопольним становищем на ринку неправомірне обмеження конкуренції та недобросовісна конкуренція
common_voice_uk_23555458.wav	коли бути бажаєм собою коли серце позор відчува
common_voice_uk_23568546.wav	зверхник повинен через свої повчання і поради увесь бути в кожному з йому довірених
common_voice_uk_23568548.wav	тому повернімося до олександра
common_voice_uk_23568557.wav	була здобута з допомогою військ сартака
common_voice_uk_23568575.wav	прогалені в знанні історії вам олександре ісайовичу не завадило б заповнити
common_voice_uk_23568584.wav	а він знав що олександр невський ставши андою сартака поріднився з родом батия
common_voice_uk_23664180.wav	стережися мести тільки й сказав отаман богданові й нахилив корогву вперед потягнімо брати
common_voice_uk_23664189.wav	на тій половині показав рукою в бік сіней кравчий
common_voice_uk_23664190.wav	бане тремким від хвилювання та втоми голосом сказав він старому завертай валку
common_voice_uk_23664194.wav	і незабаром письменники великоросійської історії проспівають цьому московському государеві оду хвалебну
common_voice_uk_23664197.wav	йому нічого не варто було будь-які вигадані слова приписати майбутньому святому
common_voice_uk_23664203.wav	в греки глухим голосом проказав богдан і досі сторожко стежачи за кожним порухом годечана
common_voice_uk_23664205.wav	прийшлий знову зам'явсь і скосував на вишату вбраного ще грецьке корзно
common_voice_uk_23664215.wav	береже для столу
common_voice_uk_23664216.wav	княгиня рада блимнула на нього й стенула плечима
common_voice_uk_23664228.wav	конюший махнув рукою в бік нежині
common_voice_uk_23664251.wav	пограбувавши їх вирізавши десятки тисяч місцевих жителів московити пішли геть
common_voice_uk_23664269.wav	московська владна еліта під словами слабке царювання завжди мала на увазі московське його трактування
common_voice_uk_23664282.wav	хлопці похапалися за мечі але не спинились
common_voice_uk_23664285.wav	боронися клич своїх косацьких кумирів на підмогу
common_voice_uk_23664313.wav	не відаю княже
common_voice_uk_23664324.wav	ой травиченько та моріжечку ти гляди не вколи мені й ніжечку
common_voice_uk_23664341.wav	будь гостею в нашому вогнищі княжно
common_voice_uk_23664342.wav	нарочитий морятин
common_voice_uk_23664343.wav	мати
common_voice_uk_23664372.wav	а подібні діяння суворо засуджуються і богом і церквою
common_voice_uk_23664374.wav	за карамзіним і з ярмом на шиї можна бути государем очевидно володарем ханського двору
common_voice_uk_23664411.wav	мамо
common_voice_uk_23664451.wav	на спині хрест навхрест червоніло кілька кривавих запечених посмуг
common_voice_uk_23664500.wav	а хто такий був мамай він проводир одного з військових протиборчих угруповань в орді
common_voice_uk_23664551.wav	карамзіна але значно далі в тексті заховане серед інших сказань
common_voice_uk_23664552.wav	нам ще доведеться до нього повернутися є дуже вагома на те причина
common_voice_uk_23664561.wav	роб єси княгині ради
common_voice_uk_23664563.wav	йому відповідати перед солдатамигероями
common_voice_uk_23664564.wav	місяця того самого в третій день
common_voice_uk_23664581.wav	тоді комонники переставши бити в червлені щити голосно закричали
common_voice_uk_23664613.wav	викладач не вважав за потрібне вивчити українську хоча все життя прожив на українській землі
common_voice_uk_23664644.wav	так слухай є така пісня
common_voice_uk_23664647.wav	російський народ має право й повинен знати свою сувору історичну правду
common_voice_uk_23664648.wav	богдан смикнув повіддя се назвисько вразило його
common_voice_uk_23664661.wav	за законами сини олександра також важалися онуками хана бату як і сам менгу-тимур
common_voice_uk_23664662.wav	це далеко не бездоказові твердження
common_voice_uk_23664675.wav	нарочитий зам'явся
common_voice_uk_23664731.wav	митрополит варлаам став першою жертвою нових стосунків
common_voice_uk_23664732.wav	іспанський народ ніколи не намагався обґрунтувати історичну належність йому ацтекської культури
common_voice_uk_23664733.wav	та втну собі дубову тесочку
common_voice_uk_23664755.wav	карамзіна фактів осуду російською церквою розбійних захоплень чужих земель і чужого майна
common_voice_uk_23664756.wav	тивун сього разу не збагнув що від нього вимагають і перепитав
common_voice_uk_23664757.wav	отже причина одна придбання багатства земель чергове поневолення народу
common_voice_uk_23664782.wav	тож романови московські не мали навіть фальшивого історичного права успадковувати титул царя спадкоємця візантійського
common_voice_uk_23664790.wav	хоча брехня й вигадки стрижнива основа історичного писання російської історії
common_voice_uk_23664791.wav	гречники не можуть ходити в ольбію по сіль
common_voice_uk_23664792.wav	єпископи володимирський симеон і сарський ісмаїл ставши посередині гучного сонму не дозволили братам битися
common_voice_uk_23664795.wav	придбав я в іркутську книжку для читання школярам молодших класів олександр невський
common_voice_uk_23664818.wav	гей ви чого сте повилуплювали очі нум же
common_voice_uk_23664824.wav	чо-чого речу перелякано заволав малко й у нестямі хльоснув княжича впоперек спини гарапником
common_voice_uk_23664835.wav	лише про завоювання пам'ятаєте
common_voice_uk_23664836.wav	крім звичайного доважку брехні нічого виявити неможливо
common_voice_uk_23664837.wav	коли
common_voice_uk_23664854.wav	косак не співав а наспівки проказував пісню якої хлоп'якам не доводилося чути
common_voice_uk_23664856.wav	великого князя данка греки отруїли
common_voice_uk_23664858.wav	хто йде
common_voice_uk_23776387.wav	хто йде
common_voice_uk_23776389.wav	те що-с чув
common_voice_uk_23776391.wav	сього не візьму твердо сказав годой
common_voice_uk_23776394.wav	піди до ждана
common_voice_uk_23776395.wav	пощо махаєш
common_voice_uk_23776396.wav	речу тобі спитай діда дідо відає
common_voice_uk_23776397.wav	войслав гордовито відповів
common_voice_uk_23776398.wav	буде те саме рогволоде
common_voice_uk_23776400.wav	сизий сокіл кличе
common_voice_uk_23776408.wav	недобре стали знаки великий княже але можна до трьох разів
common_voice_uk_23776410.wav	дайте за неї виру
common_voice_uk_23776414.wav	в годоя теж гуло в голові та він терпляче доводив богданові
common_voice_uk_23776417.wav	то пощо ж не біжиш спитав пріск
common_voice_uk_23776418.wav	котрий здивувався болярин
common_voice_uk_23776424.wav	богдан важко сів на коня
common_voice_uk_23776425.wav	а що коли дідо сміл відає про
common_voice_uk_23776426.wav	ви йдіть вуйку я ще мало посидю тут-о вхилився людота
common_voice_uk_23776427.wav	ліпо є що не кура й сього разу
common_voice_uk_23776428.wav	так невпевнено відповів годой ще не розуміючи богдана до кінця
common_voice_uk_23776429.wav	то є добрий знак ожвавився князь кумири блюдять нас і держать по нас руку
common_voice_uk_23776431.wav	а скілько ж дві
common_voice_uk_23776432.wav	гліб між гліб тутушній годований
common_voice_uk_23776433.wav	з лугу йду переставилася моя жона царство їй небесне то надумався єсмь
common_voice_uk_23776435.wav	богдан лише тепер засміявсь весело й щиро й звернувся до папи римського
common_voice_uk_23776436.wav	ввечері дідо казав
common_voice_uk_23776438.wav	їдуть сказав і сторожець оно поначищали бороню свою
common_voice_uk_23776439.wav	доки-м на столі паси свої свині в своєму городі
common_voice_uk_23776442.wav	се що є спитав консул киваючи довгою бородою на коштовності пріск пояснив
common_voice_uk_23776443.wav	пощо сидиш брате нервово засміявся гернот ждеш поки все твоє крульство реготати почне
common_voice_uk_23776444.wav	богдан здавленим горлом наказав
common_voice_uk_23776445.wav	сей перстень дав тобі гість мій і в сьому персні є отрова тако речу
common_voice_uk_23776446.wav	так то ж данко
common_voice_uk_23776447.wav	княгиня розповіла йому про смерть сікурда й сказала
common_voice_uk_23776449.wav	як же-с умикнув її спитав богдан
common_voice_uk_23776450.wav	тебе ради роздяг єсмь
common_voice_uk_23776451.wav	вишата широко усміхнувся й уперше мабуть за сі півтора тижня промовив слово
common_voice_uk_23776452.wav	адаміса нема вдома сказав він витримуючи пильний погляд максиміна
common_voice_uk_23776453.wav	не єси
common_voice_uk_23776454.wav	а до максиміна звернувся сам грецькою мовою
common_voice_uk_23776456.wav	варвари були завше варварами хоч і малі
common_voice_uk_23776457.wav	добре княже
common_voice_uk_23776459.wav	гримільда примружилася на брата
common_voice_uk_23776461.wav	в луги годоєві в гості
common_voice_uk_23776468.wav	держ коні сказав своєму супутникові рогволод і той буркнув
common_voice_uk_23776470.wav	й кривну мсту перепитав богдан і годой не відчув у тому ніякої пастки
common_voice_uk_23776471.wav	біжи речи хай прийде до мене
common_voice_uk_23776472.wav	пощо речеш так гатиле з болем озвався борислав що зводиш на мене
common_voice_uk_23776474.wav	видаєте її діду похолов людота ступивши крок до призьби й дідо відповів
common_voice_uk_23776476.wav	а чи відаєш пощо сові того мені твій харя
common_voice_uk_23776477.wav	хто то є
common_voice_uk_23776479.wav	юста заворушилася й він докинув
common_voice_uk_23776483.wav	то неуможне відповів київський володар і раптом зневажливо реготнув гидка мені віра ваша
common_voice_uk_23776484.wav	уже-м кидав
common_voice_uk_23776485.wav	там показав рукою ковальчук і витяг за пазухи підкову знайшов єсмь коло нава
common_voice_uk_23776486.wav	я єсмь випнувся гано коли горват переклав йому ті слова відчиняй
common_voice_uk_23776487.wav	поляни руси чи
common_voice_uk_23776489.wav	шумило вправив оселедець за вухо й пригладив білі вуса
common_voice_uk_23776490.wav	у руках твоїх
common_voice_uk_23776491.wav	та я шаную права сольства
common_voice_uk_23559518.wav	не належить хвалити чужу віру
common_voice_uk_23559519.wav	як хотіли так і вертіли
common_voice_uk_23559522.wav	тож московський государ терміново прислухався до поради полководця де
common_voice_uk_23559524.wav	але що дивно не поїхав туди правити
common_voice_uk_23559542.wav	чітко усвідомив який жорстокий механізм зросійщення запустила московська імперія
common_voice_uk_23559543.wav	стук-грюк аби з рук
common_voice_uk_23559544.wav	яка гіркота великороса проступає в цих словах
common_voice_uk_23559546.wav	бо саме в той історичний період і відбувся критичний перелом
common_voice_uk_23559547.wav	увійшовши до складу великого русько-литовського князівства український народ дістав перепочинок
common_voice_uk_23734536.wav	гатило нарешті проказав
common_voice_uk_23734539.wav	місяця того ж таки
common_voice_uk_23734540.wav	речи в вічеві княже
common_voice_uk_23734541.wav	може мені вклонитися тихо проказала вона
common_voice_uk_23734542.wav	смерд заперечно покрутив головою
common_voice_uk_23734544.wav	а богдан гатило чули смо
common_voice_uk_23734545.wav	готи західні княже
common_voice_uk_23734551.wav	то як так
common_voice_uk_23734552.wav	як то не йде
common_voice_uk_23734553.wav	стрілу щиро здивувався рогволод
common_voice_uk_23734557.wav	місяця листопада в останній день
common_voice_uk_23734558.wav	тебе
common_voice_uk_23734560.wav	смерд гордовито відповів хлопець
common_voice_uk_23734561.wav	котра жона чи діва має хіть придружити померлого князя нехай рече
common_voice_uk_23734563.wav	богдан суворо глянув на нього й не відповів а теж поспитав
common_voice_uk_23734564.wav	то не поворожиш
common_voice_uk_23734565.wav	яка ж діва тепер на нього погляне
common_voice_uk_23734566.wav	пощо зробила-с таке
common_voice_uk_23734569.wav	хто єсте
common_voice_uk_23734571.wav	ковач єсмь одповів людота
common_voice_uk_23734572.wav	богдан тріумфував
common_voice_uk_23734573.wav	радмилою а ти скільки жін маєш
common_voice_uk_23734575.wav	я звелю повісити тебе якщо не повідаєш мені правди тихо сказав гатило
common_voice_uk_23734577.wav	він витяг меч і схрестив його з мечем тодоріковим який змушений був боронитися
common_voice_uk_23734578.wav	єсмь великий князь і на мечі клялися мій брат і мій отець велімир
common_voice_uk_23734579.wav	де вони спокійно мов те його мало обходило спитав гатило
common_voice_uk_23734581.wav	ти ж сестра єси годоєві
common_voice_uk_23734583.wav	вельми
common_voice_uk_23734584.wav	відаєш одповіла гримільда відаєш та мовчиш
common_voice_uk_23734585.wav	нарочиті від витичева вже не спали
common_voice_uk_23734586.wav	рогволод
common_voice_uk_23734588.wav	то про кого ж речеш
common_voice_uk_23734590.wav	огнян-гагні жалібно поглянув на неї й відповів
common_voice_uk_23734591.wav	дай русинам бога й вони стануть такими самими й скажуть тобі князь від бога
common_voice_uk_23734593.wav	нічого
common_voice_uk_23734594.wav	та ні подумав єсмь тільки чи не правійші за нас греки
common_voice_uk_23734595.wav	тлумач і гатилів ябедник русич розуміюче поплескав свого юного колегу й шепнув йому
common_voice_uk_23734596.wav	нівроку відповіла княгиня
common_voice_uk_23734597.wav	прийшов єсмь довідатися пощо твій богопомазаний господар не платить мені дань
common_voice_uk_23734598.wav	п'яні вони відповів морятин
common_voice_uk_23734601.wav	що видиш там соле
common_voice_uk_23734603.wav	стариця ходив єси до неї й вона страхається тебе
common_voice_uk_23734604.wav	то й по-латині означує добре констанцій сиріч між постійний і несхибний
common_voice_uk_23734605.wav	вдар
common_voice_uk_23734607.wav	а так не хо та й годі мені у нашому городищі добре мається
common_voice_uk_23734608.wav	із ними готи теодорікові
common_voice_uk_23734610.wav	речи сказав гатило
common_voice_uk_23734611.wav	ні не рече я сам відаю
common_voice_uk_23734612.wav	зараз ні
common_voice_uk_23734614.wav	се є незаконно княже раптом зашарілася княгиня
common_voice_uk_23734615.wav	головою наклав богдан кивнув
common_voice_uk_23734621.wav	де є нехай повість
common_voice_uk_23734622.wav	гатило відвернувся і мов
common_voice_uk_23734623.wav	до аттіли
common_voice_uk_23734624.wav	пощо глупавий отче він є бог
common_voice_uk_23734626.wav	українські міста вже в ті часи жили за цивілізованими європейськими законами
common_voice_uk_23734627.wav	так переказував борислав якого богдан ганяв тоді до стольного витичева
common_voice_uk_23734630.wav	а ви потягнете по нас і зачнете рубати єхидно посміхнувся жупан сватоплук
common_voice_uk_23734641.wav	усе те міг би-с бачити щодня архонте
common_voice_uk_23734642.wav	вишата показав рукою в протилежний від городу напрямок
common_voice_uk_23734643.wav	легковиті завважив богдан а гречники оточили його з усі боків
common_voice_uk_23734644.wav	пощо-с такий укурений
common_voice_uk_23734645.wav	прискакав і велій київський болярин він реготав і шкірив до старого конюшого зуби
common_voice_uk_23734646.wav	ковальчук знову зітхнув
common_voice_uk_23734648.wav	людота зле блимнув на князя й той знову спитав його
common_voice_uk_23734649.wav	єутихій він і на коня не злізе так гузно роз'їв
common_voice_uk_23734667.wav	і зробила це після захоплення влади більшовиками
common_voice_uk_23734670.wav	у князеві все отерпло він проказав
common_voice_uk_23734676.wav	де є те яблуко котре-м дав тобі
common_voice_uk_23734677.wav	ургуй відповів той
common_voice_uk_23734679.wav	давня істина але я відаю її скільки раті сполчити може гейзо
common_voice_uk_23734680.wav	піди до нього
common_voice_uk_23734681.wav	конюший знову кивнув
common_voice_uk_23734682.wav	ясновида
common_voice_uk_23734683.wav	годой похилив голову й теж усміхнувся
common_voice_uk_23734692.wav	то гонорія твоя цісарська величносте юста-грата гонорія
common_voice_uk_23734693.wav	гатило не розпитуючи з чим послав його князь годой крикнув передужуючи клекіт бою
common_voice_uk_23734695.wav	велій болярин борислав який чув усю розмову тут-таки вигадав
common_voice_uk_23734697.wav	мене за тебе не пустять
common_voice_uk_23734706.wav	ліс те й годі
common_voice_uk_23734707.wav	огої хто се ним орудувати-йме ти
common_voice_uk_23734708.wav	пощо
common_voice_uk_23734709.wav	гано скочив додолу і підійшов але граф удруге сказав щось
common_voice_uk_23734710.wav	княгиня
common_voice_uk_23734839.wav	того ж таки вечора він прислав нарочитим тивуном у дарницю десять нових блискучих гривен
common_voice_uk_23734840.wav	боєм
common_voice_uk_23742385.wav	ану ти мовив людота подаючи важку оружину здоровезному воєві
common_voice_uk_23742386.wav	як речешся спитав його великий князь
common_voice_uk_23742388.wav	се хай від мене буде що-с мене порятував
common_voice_uk_23742389.wav	землю
common_voice_uk_23742412.wav	вже й не страхаєшся що потну тебе ззаді
common_voice_uk_23742413.wav	хто єси спитав адаміса годой грек
common_voice_uk_23742414.wav	як то не єсмь
common_voice_uk_23742713.wav	ступали двоє в поробошнях
common_voice_uk_23742714.wav	як се по-вашому
common_voice_uk_23742716.wav	годой пильно подивився на богдана не второпавши чи той жартує чи каже без посміху
common_voice_uk_23742720.wav	рогволода мов бичем по виді шмогнули
common_voice_uk_23742722.wav	пощо ж мовчиш
common_voice_uk_23742723.wav	з волині відповів гречник мечі як вогонь з городця харалуги
common_voice_uk_23742724.wav	кажу аби-с відав
common_voice_uk_23742727.wav	й легко вклонився
common_voice_uk_23742728.wav	закон для всіх ваших русинів єдин є що для князя що для смерда
common_voice_uk_23742729.wav	рогволод відсунувся й безнадійним голосом сказав
common_voice_uk_23742731.wav	стариця зійшла драбиною вниз і біла сорочка в неї горіла ясними цятками й стрілами
common_voice_uk_23742733.wav	що дала-с мені випити
common_voice_uk_23742734.wav	готи
common_voice_uk_23742736.wav	як дідо лже але ж і ти вуйку стояне нашого роду єси а речеш
common_voice_uk_23742737.wav	попочухаєш руки путь не близька
common_voice_uk_23742739.wav	богдан підійшов і торкнувся рукою в теплій бориславовій гуні вгадувалось людське тіло
common_voice_uk_23742744.wav	сорок гривен білими й чорними кунами й скорою й воско
common_voice_uk_23742745.wav	жупан ще дивився на нього з недовіро та все-таки мов
common_voice_uk_23742746.wav	тепер заповивайте очі
common_voice_uk_23742747.wav	ні ще не в горе ходімо до гурту
common_voice_uk_23742748.wav	ще ще однієї діду
common_voice_uk_23742749.wav	гатило довго думав тоді сказав костанові
common_voice_uk_23742750.wav	якої
common_voice_uk_23742751.wav	богдан стояв і не знав що відповісти нарешті мов
common_voice_uk_23742752.wav	борислав ствердно кинув
common_voice_uk_23742753.wav	а таки ж люблю
common_voice_uk_23742759.wav	богдан відповів просто
common_voice_uk_23742761.wav	що діяти з ними княже прогнати чи хай сидять
common_voice_uk_23742763.wav	сидів у полотці тоді впав та й по ньому
common_voice_uk_23742769.wav	нє пані жупаніце прислав братового чада княжича остоя остоя з товариші
common_voice_uk_23742770.wav	грек а ти сідай княже верхи сідай сідай
common_voice_uk_23742778.wav	рогволод завпирався
common_voice_uk_23742779.wav	а як болярська
common_voice_uk_23742780.wav	не признаєш княже
common_voice_uk_23742781.wav	скільки літ сидить у твоєму домі
common_voice_uk_23742782.wav	оддали смо коні свої степовикам і за вилущене зерня
common_voice_uk_23742783.wav	русини родичі лужицьким сербам відповів остой ми смо кореню їдного й крові єдиної
common_voice_uk_23742784.wav	підеш
common_voice_uk_23742785.wav	й що маєте чинити спитав гатило
common_voice_uk_23742786.wav	де харя спитав свого кравчого рогволод
common_voice_uk_23742787.wav	княгиня подавила в собі трем і холодним низьким голосом поспитала
common_voice_uk_23742788.wav	богдан раптом настовбурчився проти гостя
common_voice_uk_23742789.wav	дай сюди насіпався дід і сховав підкову за пазуху речеш на нашій леваді
common_voice_uk_23742790.wav	речи своїм грекам що київський князь богдан гатило такоже гнушається їхніх кумирів
common_voice_uk_23742803.wav	віче
common_voice_uk_23742805.wav	зирю на тебе гатиле та й згадую
common_voice_uk_23742809.wav	не тямиш княже то передай меча в інші руки
common_voice_uk_23742810.wav	рогволод лежав на критій кожушком лаві доти поки по нього прислали вдруге
common_voice_uk_23742811.wav	за вітром їхали смо вся курява в вічі лізе
common_voice_uk_23742823.wav	підеш ти княже
common_voice_uk_23742824.wav	їв землю-м
common_voice_uk_23742825.wav	супротиву братових гостей не піду
common_voice_uk_23742826.wav	він і став ще теплий круглий м'яз і серце теж уселяло надію
common_voice_uk_23742827.wav	сього разу годой спитав інше власне те що непокоїло всіх воїнів
common_voice_uk_23742828.wav	усі рази великий княже
common_voice_uk_23742830.wav	гатило прислухавсь
common_voice_uk_23742831.wav	маю жону собі й не їдну
common_voice_uk_23751120.wav	женитися маєш хіть
common_voice_uk_23751121.wav	добував єсмь невісту сьому лежної весело відповів болярин сідлайте
common_voice_uk_23751122.wav	щось ворожиш а мовчиш не речеш мені криєшся
common_voice_uk_23751124.wav	перед королевою встати не хочеш а свого брата змішала єси з
common_voice_uk_23751131.wav	так велів звичай і ждан відповів
common_voice_uk_23751132.wav	ардарік має юдея
common_voice_uk_23751133.wav	княже сказав ждан узаутра буде віче
common_voice_uk_23751134.wav	людота спитав
common_voice_uk_23751171.wav	тепер поглянь отуди
common_voice_uk_23751174.wav	візьміте його сказав він князь на скоморох в поруб поруб з цього послух
common_voice_uk_23751175.wav	хай ламне однаково микну
common_voice_uk_23751213.wav	чув єси спитав гатило павуримського
common_voice_uk_23751215.wav	місяця сухого
common_voice_uk_23751216.wav	відунові ще сердитіше буркнув гліб
common_voice_uk_23751217.wav	хто се є здавленим голосом перепитав богдан
common_voice_uk_23751231.wav	виділа-м а ти справжня готиня єси стала лежиш як готиня
common_voice_uk_23751232.wav	ясновиди нема де ж вона є
common_voice_uk_23751242.wav	грецьку нагадав богдан а тоді ще й поправився юдейську
common_voice_uk_23751248.wav	а тепер клянися
common_voice_uk_23751249.wav	над заборолом почувся зневажливий регіт
common_voice_uk_23751250.wav	голосі старця бримнуло залізо й людота зрозумів що далі благати марно
common_voice_uk_23751253.wav	на землі клянися врочистим голосом проказав старець
common_voice_uk_23751260.wav	голосі старого князя бриніло благання якого ждан уже давно не чув
common_voice_uk_23751262.wav	не рік єси пощо хочеш дорувати меча свого богданові
common_voice_uk_23751276.wav	коли не страхаєшся то піди й льдайляпосатому мовчунові
common_voice_uk_23751277.wav	хто єси злякано буркнув князь
common_voice_uk_23751278.wav	відбирали
common_voice_uk_23339626.wav	необхідно знати сама ставка хана протягом року переміщалася в межах володінь золотої орди
common_voice_uk_23339651.wav	переконаймося що і книга степенна була в імператриці
common_voice_uk_23339652.wav	він говорить про законне право хана повелівати і князем московським і князем тверським
common_voice_uk_23682962.wav	а що світові авторитети мають іншу думку їм на це начхати
common_voice_uk_23682988.wav	про яких небудь государів московських говорити не випадає
common_voice_uk_23683052.wav	хто хто буркнув хлопець вона
common_voice_uk_23683537.wav	вишата й собі засміявся князь же спокійно запитав
common_voice_uk_23698026.wav	імперія великоросів суворо стежила щоб її постулати про первородство і велич неухильно сповідували
common_voice_uk_23698048.wav	таку думку яку завше приховували великороси взяв і вимовив відкрито
common_voice_uk_23698066.wav	мета дух і закони державності золотої орди збереглися і в часи династії романових кобилі них
common_voice_uk_23698100.wav	карамзін у своїй оді московії змушений був ці речі визнавати
common_voice_uk_23698102.wav	хоча автор вважає необхідно повернути історичну справедливість і спростувати брехню імперії
common_voice_uk_23698289.wav	підрости княжичу малий ще єси малий
common_voice_uk_23698293.wav	чуєш
common_voice_uk_23698326.wav	харю мурина
common_voice_uk_23698327.wav	то й ти єси мидвіть
common_voice_uk_23698490.wav	маю поставити сю голову на сулиці над ворітьми сказав він хай лякється гайвороння
common_voice_uk_23708253.wav	старець ваш славута жиє
common_voice_uk_23708254.wav	хай прийде
common_voice_uk_23708255.wav	може на білогородській
common_voice_uk_23708256.wav	кажи при ньому не страшись далі сього місця твої слова не підуть
common_voice_uk_23708578.wav	ходь сюди вклякни
common_voice_uk_23708579.wav	адаміс адаміс гарно кличуть а як шанує його їхні тіла
common_voice_uk_23708582.wav	людота махнув рукою
common_voice_uk_23708583.wav	хто
common_voice_uk_23708584.wav	з під гуні старому знову визирнув червоний шовковий опояс на чималому череві
common_voice_uk_23708586.wav	чув єси щоби крів ставала водою
common_voice_uk_23708587.wav	ти віруєш у змія горянина король знизав плечима гернот уже вдруге питав те саме
common_voice_uk_23709347.wav	нє так тризну правимо тільки ми сіври
common_voice_uk_23709348.wav	чув єси архонте мовив євнух і вже не відводив погляду витримав до кінця
common_voice_uk_23709349.wav	ледве десятого вечора попереду з блисного широка річка й богдан мовив
common_voice_uk_23709355.wav	єсмь князь київський у витичеві сидить барати його діда
common_voice_uk_23709359.wav	хто є ясновидин отець
common_voice_uk_23709360.wav	який добрий смерд
common_voice_uk_23709361.wav	видимир князь готський послав гудця ардарікові що-с ти охабився землі руської
common_voice_uk_23709362.wav	пощо питаєш княже
common_voice_uk_23852356.wav	для сього досить стати ромеєм
common_voice_uk_23852358.wav	ніскільки
common_voice_uk_23852359.wav	чув єсмь ухильно відповів борислав похоловши від страху
common_voice_uk_23852360.wav	згадка про луганського князя джурджа запалила богдана й він крикнув
common_voice_uk_23852372.wav	я не маю хреста в пазусі відповів гатило
common_voice_uk_23852373.wav	до конунга мене не пустили високий начальнику
common_voice_uk_23852375.wav	маю
common_voice_uk_23852378.wav	відаю княже та
common_voice_uk_23858766.wav	що маєш повідати не звертаючи увагу на рогволода сказав дідо славута
common_voice_uk_23858767.wav	їдьте до теремця мого й ти болярине впізнав єсмь і тебе
common_voice_uk_23858769.wav	нічого маємо з тобою давні вири
common_voice_uk_23858780.wav	костана в києвому городі нема подумавши сказав старий конюший
common_voice_uk_23858781.wav	чи добре чується мій син яролюб
common_voice_uk_23858782.wav	ми русини речемо волод а сіври всхідні речуть владо й венеди такоже владо
common_voice_uk_23858792.wav	юрів
common_voice_uk_23858794.wav	віче я-м не чув
common_voice_uk_23861605.wav	приведи
common_voice_uk_23861606.wav	де варила
common_voice_uk_23861607.wav	вже-м шесту зиму тут у києвому гроді
common_voice_uk_23861608.wav	як відаєш
common_voice_uk_23861609.wav	тамо єсть показав на синю смужку лісу гано доскочимо чи ставати тут на ніч
common_voice_uk_23861610.wav	й кождого дні куєш
common_voice_uk_23861611.wav	ти княже був єси десять літ серед хрещоного люду сказав годой богдан поправив
common_voice_uk_23861612.wav	було таке враження ніби сторожа чатувала за ворітьми ввесь час і зумисне не відчиняла
common_voice_uk_23861613.wav	великий князь насилу вичавив
common_voice_uk_23861614.wav	що має чинити тут уп'ять заративсіскимося
common_voice_uk_23861616.wav	а нічого речу куди ж отако супроти ночі
common_voice_uk_23861619.wav	пощо кликав єси
common_voice_uk_23861621.wav	чотирдесять і другого
common_voice_uk_23861622.wav	нашу людину тоді подумав мить і додав ти її знаєш віківа гунський тлумач наш
common_voice_uk_23883565.wav	прийшов до тебе княже
common_voice_uk_23883566.wav	вишата крикнув до нього болярин орест ворота
common_voice_uk_23883568.wav	гатило сів на килимі юдей перекрутив плиту
common_voice_uk_23883569.wav	місяця того самого
common_voice_uk_23883590.wav	а чув єсмь ухильно відповів людота
common_voice_uk_23883593.wav	то не важить прийми христа в душу
common_voice_uk_23883611.wav	у сп'ять
common_voice_uk_23883612.wav	хлопці повернулися до нава глянули на нього скоса й бігцем побрались у бік городища
common_voice_uk_23883630.wav	князь нарешті збагнув притчу й сумно запитав
common_voice_uk_23883660.wav	держись не гриби держись
common_voice_uk_23883662.wav	хочемо
common_voice_uk_23883663.wav	не маю хоті буркнув молодий смерд
common_voice_uk_23883664.wav	князь і досі не помічав пастки кинутої йому під ноги він простякувато спитав
common_voice_uk_23888627.wav	почувши ймено ненависного нука навіть не власного а братнього прогволод знестями гаркнув
common_voice_uk_23888634.wav	не ліпо є
common_voice_uk_23888635.wav	що смієшся гарикнув на нього богдан
common_voice_uk_23888636.wav	де ж би-с узяв
common_voice_uk_23888647.wav	вилазь
common_voice_uk_23888648.wav	войславе підеш у греки повезеш наші злічіння ускоків та пильнуй його вовкулаку чув єси
common_voice_uk_23888649.wav	не відаю хіба сто або сто й десять
common_voice_uk_23888657.wav	вона подумала
common_voice_uk_23888681.wav	а вірій на небі
common_voice_uk_23888684.wav	він сказав
common_voice_uk_23888692.wav	старий коваль ще раз виважив меч у правиці
common_voice_uk_23888693.wav	як же то є княже годечане ваш закон лугарський не дає женитися на вдовиці
common_voice_uk_23888711.wav	сірі смо з такими данко хай не забуде його дажбог був не пара сьому
common_voice_uk_23888713.wav	а що тямиш і що волів би-с
common_voice_uk_23888715.wav	нарікаю тебе в себе місто
common_voice_uk_23888726.wav	робота
common_voice_uk_23888728.wav	тоді плати вирне мов й нечувши старця закінчив своє між вісім гривен серебла
common_voice_uk_23888729.wav	з лівого краю прискакав нарочитець
common_voice_uk_23888737.wav	місяця того-таки
common_voice_uk_23888738.wav	шумило хитро посміхнувся й богдан лише рукою махнув
common_voice_uk_23888754.wav	відчиняй утратив терпець горват відчиняй а тоді побачимо
common_voice_uk_23888755.wav	вона говорила схвильовано але твердо певно давно вже обдумала те що сказала
common_voice_uk_23893505.wav	у сей час до полотки війшов максимін й адаміс квапливо попрощався
common_voice_uk_23893506.wav	хіба-с забув
common_voice_uk_23893507.wav	стяти голову такому
common_voice_uk_23893508.wav	сидить
common_voice_uk_23893510.wav	то що ж стало
common_voice_uk_23893511.wav	ліпше-таки повідаю казочку
common_voice_uk_23893513.wav	ти хто єси спитав богдан
common_voice_uk_23893529.wav	перший поспитав богдан і вишата відповів широкою усмішкою
common_voice_uk_23893531.wav	скора відповів гано
common_voice_uk_23893532.wav	клич
common_voice_uk_23893533.wav	ще рік мій боголюбний господар перепитати міжнього скіфського царя що він хоче від ромеїв
common_voice_uk_23893539.wav	вдома
common_voice_uk_23893540.wav	до теремця жоною
common_voice_uk_23893542.wav	відаю проказав гатило єси жона міровоєва
common_voice_uk_23893543.wav	за солженіциним туди йому й дорога аби тільки швидше прихопити шматок чужої землі
common_voice_uk_23893550.wav	із мечем
common_voice_uk_23893555.wav	на полк лугарів нарешті закінчив свою думку старий жупан
common_voice_uk_23893558.wav	пощо
common_voice_uk_23893569.wav	гатило виглянув
common_voice_uk_23893570.wav	степовики знялися мабути ще вночі або звечору мовби відали що принесемо дари з миром
common_voice_uk_23893572.wav	тямлю й на голові княже
common_voice_uk_23893573.wav	князь великий в руській землі
common_voice_uk_23893575.wav	стариця налила їй повний келих міцного бурого меду
common_voice_uk_23893576.wav	рече нездужаю
common_voice_uk_23893577.wav	так є неохоче відгукнувся луганський князь брат єсмь утретє йому та
common_voice_uk_23893578.wav	хіба гатило й тут-таки поцякалося хто ж бив мову там тоді
common_voice_uk_23929552.wav	по третій же спробі він злякано блимнув на гатила й узався за голову
common_voice_uk_23929553.wav	дива
common_voice_uk_23929555.wav	забрав єси годоя князя нашого кошового нарешті обізвався шумило
common_voice_uk_23929561.wav	то й що є хіба вольниця касацька так вельми князя хче
common_voice_uk_23929564.wav	той покрутив головою
common_voice_uk_23929577.wav	горват спитав його
common_voice_uk_23929580.wav	людота зітхнув
common_voice_uk_23929591.wav	хіба дідо не є
common_voice_uk_23929595.wav	се як же
common_voice_uk_23979254.wav	що сте намислили що що
common_voice_uk_21613885.wav	проте смачний сніданок можна приготувати за лічені хвилини
common_voice_uk_21613886.wav	розкажи скільки роздав
common_voice_uk_21613888.wav	тоді лише пізнається цінність часу коли він втрачений
common_voice_uk_21613939.wav	працюючи над розв'язанням задачі завжди корисно знати відповідь
common_voice_uk_21613941.wav	тому що це наше місто
common_voice_uk_21613942.wav	територіальний та етнічний патріотизм повинні створити єдиний симбіоз і втілити у ньому українську душу
common_voice_uk_21613974.wav	і два моменти щодо санкцій за грубі порушення
common_voice_uk_21613980.wav	банк гарантує таємницю банківського рахунка операцій за рахунком і відомостей про клієнта
common_voice_uk_21613981.wav	водій легковика загинув
common_voice_uk_21613982.wav	одному йде в руки а другому з рук
common_voice_uk_21613983.wav	філіпіка гнівна обвинувальна промова
common_voice_uk_21613985.wav	де два б'ються третій користає
common_voice_uk_21613986.wav	ранок панок
common_voice_uk_21614305.wav	без дозволу і сприяння уряду гуманітарні місії не можуть надавати їм допомогу
common_voice_uk_21614308.wav	ті хто ще не виїхав живуть в думках про перспективу еміграції
common_voice_uk_21614309.wav	териньові те все тільки привід до нової пісні
common_voice_uk_21614335.wav	з цього приводу я думаю наступне
common_voice_uk_21614336.wav	осибкопанка був поза кулісовий володар усього села
common_voice_uk_21614337.wav	батько заохочує і надає сил
common_voice_uk_21614339.wav	тітка сердиться коли я на ліс лише вікно споглядаю зве мене лінюхуючою химерницею
common_voice_uk_21614360.wav	особа здійснює сові цивільні права вільно на власний розсуд
common_voice_uk_21614361.wav	лоша ще в кобилі а циган уже довбню ріхтує
common_voice_uk_21614362.wav	до цього ми лише ось читали на фейсбуці
common_voice_uk_21614363.wav	там постійно все перерито
common_voice_uk_21614364.wav	за даними бійцівських сайтів і носа кандидатумайстри спорту збоксу
common_voice_uk_21614377.wav	тому ми вас просимо підтримати дану програму
common_voice_uk_21614378.wav	тішиться як дідько цьвичком
common_voice_uk_21614381.wav	думав я що він хлопців соромиться пряних не хотів по прощатися як слід
common_voice_uk_21614383.wav	часом так і горне до себе а часом нудна сіра стомлена
common_voice_uk_21614384.wav	на станційному подвір'ї чекали пасажирів фурмани
common_voice_uk_21618366.wav	хто за ними буде доглядати
common_voice_uk_21618367.wav	тому всі ці питання ввійшли в ці розрахунки які надані при розгляді програми
common_voice_uk_21618368.wav	просто комісії підганяли результати під красиву звітність
common_voice_uk_21618370.wav	горбилисякації по той бік майдану
common_voice_uk_21619356.wav	що ми пропонуємо в даному випадку
common_voice_uk_21619360.wav	суд клопотання прокурора підтримав
common_voice_uk_21619395.wav	лускаймо було глускамотісоняхи з гарбустями та з горіхами аж язики подубіють
common_voice_uk_21619414.wav	таким чином даний процес є практично безкінечним
common_voice_uk_21619415.wav	зібранідані застосовувалися по перше для гернерування адресної розсилки
common_voice_uk_21619416.wav	дуже на всіх чекаю
common_voice_uk_21619459.wav	мовчи глуха менше гріха
common_voice_uk_21619461.wav	без ядра горіх ніщо так само як і людина без серця
common_voice_uk_21635290.wav	бурштин при терті електризується
common_voice_uk_21635292.wav	землю пібздав селянам в полі роботи зовсім не було
common_voice_uk_21635294.wav	якщо ти сьогодні не подзвониш телефонувати буду я причому не тобі
common_voice_uk_21635382.wav	це товстий роман так само для підлітків про початки запорізької січі
common_voice_uk_21635431.wav	є регламент певний якийсь
common_voice_uk_21635481.wav	треба з ним якось мирно кротко з розумом
common_voice_uk_21635564.wav	ця земельна ділянка знаходиться повністю в межах червоних ліній
common_voice_uk_21635592.wav	прокрустовеложе на дума не мірило б упередженої людини яка під ганя під нього факти дійсності
common_voice_uk_21635599.wav	ну тоді їхня взяла
common_voice_uk_21635602.wav	не поправлять сльози щастя серцю легше буде
common_voice_uk_21635624.wav	ведення записів наших мітингів рішенні роботи стає основою нашого власного практикуму
common_voice_uk_21635628.wav	можете мені хотілось послухати творів цього поета з лицем простодушного бандита
common_voice_uk_21635660.wav	ми все включили
common_voice_uk_21635673.wav	повний колос униз гнеться а порожній вгору пнеться
common_voice_uk_21635689.wav	ви можете бути не згодні
common_voice_uk_21635691.wav	кількість самозайнятих людей стрімко зростає в усьому світі
common_voice_uk_21635692.wav	консолідація та дроблення акцій не повинні призводити до зміни розміру статутного капіталу акціонерного товариства
common_voice_uk_21635699.wav	чи понесуть відповідальність відповідникерівники департаментів
common_voice_uk_21635700.wav	причина подібної активності лежить на поверхні
common_voice_uk_21635728.wav	або зараз або аж наступної п'ятниці бо я їду на кілька днів
common_voice_uk_21635733.wav	я озвучу ті тези про які ми вже говорили
common_voice_uk_21653985.wav	там були інші обставини ми склали мандат
common_voice_uk_21653986.wav	мало то став частіше прикладатися до чарки
common_voice_uk_21653987.wav	в нас немає такого розуміння
common_voice_uk_21653989.wav	всі ці скелі є відомим на весь світ китайгородським відслоненням
common_voice_uk_21654011.wav	держава гарантує свободу політичної діяльності не забороненої конституцією і законами україни
common_voice_uk_21654026.wav	двічі на нашій комісії був розгляд цього питання
common_voice_uk_21654036.wav	пиріг із солоною начинкою можна посипати тертим сиром або подрібненою бринзою прикрасити зернами кунжуту
common_voice_uk_21654050.wav	сидить як дідько на грошах
common_voice_uk_21654062.wav	я думаю ви можете прокоментувати
common_voice_uk_21654066.wav	макіявельлі людина хитра підступна вірломна
common_voice_uk_21654068.wav	гори були прекрасні але суворі
common_voice_uk_21654069.wav	мода стає частиною культури
common_voice_uk_21665519.wav	договір є обов'язковим для виконання сторонами
